{
	"map_cross": {
		"red": { "x": -14250, "y": 3750, "z": 80 },
		"blue": { "x": -23250, "y": -5250, "z": 80 }
	},
	"map_island": {
		"red": { "x": 2250, "y": -1750, "z": 80 },
		"blue": { "x": -1750, "y": 2250, "z": 80 }
	},
	"map_sandbox": {
		"red": { "x": 4750, "y": -1750, "z": 80 },
		"blue": { "x": -3750, "y": 2750, "z": 80 }
	},
	"map_zone": {
		"red": { "x": 4500, "y": -2750, "z": 80 },
		"blue": { "x": -4000, "y": 3250, "z": 80 }
	},
	"map_farm": {
		"red": { "x": -750, "y": -3750, "z": 80 },
		"blue": { "x": -750, "y": 2750, "z": 80 }
	},
	"map_stadium": {
		"red": { "x": 500, "y": 4250, "z": 80 },
		"blue": { "x": 500, "y": -9750, "z": 80 }
	},
	"map_losttemple": {
		"red": { "x": -11250, "y": -6500, "z": 1280 },
		"blue": { "x": 10750, "y": 7000, "z": 1280 }
	},
	"map_shortbridge": {
		"red": { "x": -1500, "y": 0, "z": 380 },
		"blue": { "x": 7500, "y": 0, "z": 380 }
	},
	"map_noise": {
		"red": { "x": 6250, "y": 3000, "z": 2480 },
		"blue": { "x": 750, "y": -1750, "z": 80 }
	},
	"map_polygon": {
		"red": { "x": -1750, "y": 0, "z": 80 },
		"blue": { "x": 6250, "y": 0, "z": 80 }
	},
	"map_serpuhov": {
		"red": { "x": 6475.73193359375, "y": -7714.5322265625, "z": 680 },
		"blue": { "x": 732.9359741210938, "y": 11191.26171875, "z": 80 }
	},
	"map_platform": {
		"red": { "x": 1500, "y": 8500, "z": 830 },
		"blue": { "x": 1500, "y": -5500, "z": 830 }
	},
	"map_silence": {
		"red": { "x": 6707.40576171875, "y": -3726.430908203125, "z": 1280 },
		"blue": { "x": -3000, "y": -5000, "z": 2480 }
	},
	"map_rio": {
		"red": { "x": 1500, "y": 4500, "z": 680 },
		"blue": { "x": -2250, "y": -6250, "z": 80 }
	},
	"map_future": {
		"red": { "x": 12000, "y": -12000, "z": 230 },
		"blue": { "x": 2500, "y": 2500, "z": 80 }
	}
}
