{
	"map_cross": {
		"red": { "x": -14250, "y": 3750, "z": 80 },
		"blue": { "x": -23250, "y": -5250, "z": 80 }
	},
	"map_island": {
		"red": { "x": 2250, "y": -1750, "z": 80 },
		"blue": { "x": -1750, "y": 2250, "z": 80 }
	},
	"map_sandbox": {
		"red": { "x": 4750, "y": -1750, "z": 80 },
		"blue": { "x": -3750, "y": 2750, "z": 80 }
	},
	"map_zone": {
		"red": { "x": 4500, "y": -2750, "z": 80 },
		"blue": { "x": -4000, "y": 3250, "z": 80 }
	},
	"map_farm": {
		"red": { "x": -750, "y": -3750, "z": 80 },
		"blue": { "x": -750, "y": 2750, "z": 80 }
	},
	"map_stadium": {
		"red": { "x": 500, "y": 4250, "z": 80 },
		"blue": { "x": 500, "y": -9750, "z": 80 }
	},
	"map_losttemple": {
		"red": { "x": -11250, "y": -6500, "z": 1280 },
		"blue": { "x": 10750, "y": 7000, "z": 1280 }
	},
	"map_shortbridge": {
		"red": { "x": -1500, "y": 0, "z": 380 },
		"blue": { "x": 7500, "y": 0, "z": 380 }
	},
	"map_noise": {
		"red": { "x": 6250, "y": 3000, "z": 2480 },
		"blue": { "x": 750, "y": -1750, "z": 80 }
	},
	"map_polygon": {
		"red": { "x": -1750, "y": 0, "z": 80 },
		"blue": { "x": 6250, "y": 0, "z": 80 }
	},
	"map_serpuhov": {
		"red": { "x": 6475.73193359375, "y": -7714.5322265625, "z": 680 },
		"blue": { "x": 732.9359741210938, "y": 11191.26171875, "z": 80 }
	},
	"map_platform": {
		"red": { "x": 1500, "y": 8500, "z": 830 },
		"blue": { "x": 1500, "y": -5500, "z": 830 }
	},
	"map_silence": {
		"red": { "x": 6707.40576171875, "y": -3726.430908203125, "z": 1280 },
		"blue": { "x": -3000, "y": -5000, "z": 2480 }
	},
	"map_rio": {
		"red": { "x": 1500, "y": 4500, "z": 680 },
		"blue": { "x": -2250, "y": -6250, "z": 80 }
	},
	"map_future": {
		"red": { "x": 12000, "y": -12000, "z": 230 },
		"blue": { "x": 2500, "y": 2500, "z": 80 }
	},
	"map_hill": {
		"red": { "x": -6022.341796875, "y": -1004.0230102539062, "z": -2920 },
		"blue": { "x": 1014.5050048828125, "y": -955.041015625, "z": -2920 }
	},
	"map_parma": {
		"red": { "x": 5263.59423828125, "y": -5337.6162109375, "z": 680 },
		"blue": { "x": -5241.125, "y": 9357.6845703125, "z": 680 }
	},
	"map_deck9": {
		"red": { "x": 4250, "y": 1750, "z": 80 },
		"blue": { "x": -750, "y": 1750, "z": -220 }
	},
	"map_dualiti": {
		"red": { "x": -500, "y": -4500, "z": 380 },
		"blue": { "x": -500, "y": 4500, "z": 380 }
	},
	"map_novel": {
		"red": { "x": -500, "y": -9500, "z": 80 },
		"blue": { "x": -6000, "y": 5000, "z": 80 }
	},
	"map_camp": {
		"red": { "x": 1750, "y": -1250, "z": 80 },
		"blue": { "x": -7250, "y": 4250, "z": 80 }
	},
	"map_abyss": {
		"red": { "x": -8457.943359375, "y": -4998.05810546875, "z": 4880 },
		"blue": { "x": 7000.169921875, "y": -1977.427001953125, "z": 4880 }
	},
	"map_redalert": {
		"red": { "x": 1875.551025390625, "y": 8587.060546875, "z": 380 },
		"blue": { "x": 5909.02099609375, "y": -3897.197021484375, "z": 80 }
	},
	"map_skyscrapers": {
		"red": { "x": -8500, "y": -5000, "z": 5030 },
		"blue": { "x": 7000, "y": -2000, "z": 5030 }
	},
	"map_atra": {
		"red": { "x": -4499.671875, "y": -990.6690063476562, "z": 80 },
		"blue": { "x": 4976.52880859375, "y": -1002.8579711914062, "z": 80 }
	},
	"map_highway": {
		"red": { "x": 750, "y": -25500, "z": 2480 },
		"blue": { "x": 750, "y": 500, "z": 2480 }
	},
	"map_barda": {
		"red": { "x": -10527.681640625, "y": 5268.61279296875, "z": 80 },
		"blue": { "x": 109.75299835205078, "y": -10093.2001953125, "z": 80 }
	},
	"map_berlin": {
		"red": { "x": 500, "y": 10000, "z": 80 },
		"blue": { "x": -20500, "y": 14250, "z": -220 }
	},
	"map_bobruisk": {
		"red": { "x": 5118.71484375, "y": 984.9210205078125, "z": 680 },
		"blue": { "x": -7750, "y": -5750, "z": 80 }
	},
	"map_boombox": {
		"red": { "x": -3951.339111328125, "y": 1288.9429931640625, "z": 80 },
		"blue": { "x": 4133.36376953125, "y": -790.5850219726562, "z": 80 }
	},
	"map_brest": {
		"red": { "x": 272.5989990234375, "y": -8467.0419921875, "z": 680 },
		"blue": { "x": 258.16900634765625, "y": 11373.3798828125, "z": 680 }
	},
	"map_deathtrack": {
		"red": { "x": 6316.7890625, "y": 2676.345947265625, "z": 80 },
		"blue": { "x": -8252.86328125, "y": 15266.271484375, "z": 80 }
	},
	"map_canyon": {
		"red": { "x": 4250, "y": -250, "z": -220 },
		"blue": { "x": -3250, "y": 2750, "z": 80 }
	},
	"map_siege": {
		"red": { "x": -4306.1669921875, "y": -15545.064453125, "z": 80 },
		"blue": { "x": -3408.73291015625, "y": -2463.5830078125, "z": 80 }
	},
	"map_chornobyl": {
		"red": { "x": 1500.7659912109375, "y": -10486.8935546875, "z": 680 },
		"blue": { "x": 3200.427001953125, "y": 5262.35205078125, "z": 680 }
	},
	"map_combe": {
		"red": { "x": -4000, "y": -5500, "z": 1280 },
		"blue": { "x": 4500, "y": -5500, "z": 1280 }
	},
	"map_desert": {
		"red": { "x": 8911.521484375, "y": 3522.2470703125, "z": 80 },
		"blue": { "x": -10042.916015625, "y": 3529.47998046875, "z": 80 }
	},
	"map_dusseldorf": {
		"red": { "x": -9000, "y": 6500, "z": 80 },
		"blue": { "x": 9511.716796875, "y": -17998.22265625, "z": 80 }
	},
	"map_edinburgh": {
		"red": { "x": 3750, "y": -250, "z": 80 },
		"blue": { "x": -8750, "y": -1750, "z": 80 }
	},
	"map_skirmish": {
		"red": { "x": -250, "y": 3750, "z": 230 },
		"blue": { "x": 2000, "y": -12500, "z": 80 }
	},
	"map_scope": {
		"red": { "x": -6250, "y": -10750, "z": 80 },
		"blue": { "x": 7250, "y": 10750, "z": 80 }
	},
	"map_esplanade": {
		"red": { "x": -8500, "y": 6500, "z": 80 },
		"blue": { "x": 11500, "y": 6500, "z": 80 }
	},
	"map_station": {
		"red": { "x": -4750, "y": -750, "z": 80 },
		"blue": { "x": 5750, "y": -2750, "z": 80 }
	},
	"map_trains": {
		"red": { "x": -9750, "y": 3250, "z": 380 },
		"blue": { "x": 5750, "y": -3250, "z": 680 }
	},
	"map_rift": {
		"red": { "x": 750, "y": -6750, "z": 80 },
		"blue": { "x": 750, "y": 6500, "z": 80 }
	},
	"map_forest": {
		"red": { "x": -8500, "y": 4500, "z": -520 },
		"blue": { "x": 8000, "y": -3500, "z": -520 }
	},
	"map_fortknox": {
		"red": { "x": 6677.59912109375, "y": -1319.3380126953125, "z": -220 },
		"blue": { "x": -5586.4248046875, "y": 1278.7110595703125, "z": -220 }
	},
	"map_factory": {
		"red": { "x": -8000, "y": 5750, "z": 80 },
		"blue": { "x": 3000, "y": -1750, "z": 80 }
	},
	"map_garder": {
		"red": { "x": 265.7349853515625, "y": -3212, "z": 680 },
		"blue": { "x": 261.5920104980469, "y": 3770.89599609375, "z": 680 }
	},
	"map_gravity": {
		"red": { "x": 2750, "y": -2250, "z": 2780 },
		"blue": { "x": -750, "y": 2250, "z": 380 }
	},
	"map_gubakha": {
		"red": { "x": -8500, "y": 2250, "z": 380 },
		"blue": { "x": 2250, "y": -8500, "z": 380 }
	},
	"map_kolhoz": {
		"red": { "x": 2750, "y": 250, "z": 80 },
		"blue": { "x": -17250, "y": 750, "z": 680 }
	},
	"map_kungur": {
		"red": { "x": 9016.74609375, "y": 8409.7509765625, "z": 680 },
		"blue": { "x": -2667.39794921875, "y": -8599.4052734375, "z": 80 }
	},
	"map_skylark": {
		"red": { "x": 1250, "y": 2250, "z": 380 },
		"blue": { "x": -10750, "y": -14750, "z": -520 }
	},
	"map_magadan": {
		"red": { "x": -4500, "y": -250, "z": 380 },
		"blue": { "x": 5000, "y": -250, "z": 380 }
	},
	"map_magistral": {
		"red": { "x": 7750, "y": 7250, "z": 80 },
		"blue": { "x": -6750, "y": -9250, "z": 80 }
	},
	"map_massacre": {
		"red": { "x": -250, "y": 7750, "z": 80 },
		"blue": { "x": -250, "y": -5750, "z": 80 }
	},
	"map_subway": {
		"red": { "x": -3750, "y": -3750, "z": 980 },
		"blue": { "x": 5750, "y": 3750, "z": 980 }
	},
	"map_molotov": {
		"red": { "x": -2860.075927734375, "y": 5235.85595703125, "z": 80 },
		"blue": { "x": 3689.449951171875, "y": -5107.880859375, "z": 380 }
	},
	"map_montecarlo": {
		"red": { "x": 750.3670043945312, "y": 4277.2509765625, "z": 80 },
		"blue": { "x": -8289.5693359375, "y": -9261.845703125, "z": 80 }
	},
	"map_wave": {
		"red": { "x": -5500, "y": 1500, "z": -520 },
		"blue": { "x": 10500, "y": 1500, "z": -520 }
	},
	"map_opposition": {
		"red": { "x": 250, "y": -6250, "z": 680 },
		"blue": { "x": -250, "y": 7250, "z": 680 }
	},
	"map_osa": {
		"red": { "x": -3192.27294921875, "y": 8625.2333984375, "z": 80 },
		"blue": { "x": 13240.537109375,