{
  "mapId": 336728,
  "dustParticle": 110001,
  "skybox": "Hills Night",
  "map_graphic_data": {
    "angleX": -0.6000000238418579,
    "angleZ": -0.800000011920929,
    "lightColor": 3163220,
    "shadowColor": 1382169,
    "fogColor": 68116,
    "ssaoColor": 2045258,
    "dustAlpha": 0.75,
    "dustParticle": "summer"
  },
  "resources": [
    698047,
    286895,
    426360,
    894006,
    761948,
    768697,
    644412,
    421539,
    344680
  ]
}