{
  "mapId": 948195,
  "dustParticle": 110002,
  "map_graphic_data": {
    "angleX": -0.8500000238418579,
    "angleZ": 2.5,
    "lightColor": 8419955,
    "shadowColor": 6184542,
    "fogColor": 15333375,
    "ssaoColor": 2374217,
    "dustAlpha": 0.8999999761581421,
    "dustParticle": "winter"
  },
  "resources": [
    795676,
    404625,
    597073,
    316457,
    893062,
    675186,
    105954,
    311175,
    934285
  ]
}