{
  "mapId": 803428,
  "dustParticle": 110001,
  "skybox": "Hills Night",
  "sound_id": 584396,
  "map_graphic_data": {
    "angleX": -0.6000000238418579,
    "angleZ": -0.800000011920929,
    "lightColor": 4216936,
    "shadowColor": 1382169,
    "fogColor": 68116,
    "gravity": 1000,
    "skyboxRevolutionSpeed": 0,
    "dustAlpha": 0.75,
    "dustParticle": "summer"
  },
  "resources": [
    994853,
    668013,
    286895,
    894006,
    761948,
    768697,
    421539,
    257170,
    344680,
    479176,
    426360,
    837890,
    842988,
    644412,
    587350
  ]
}