{
  "mapId": 942706,
  "dustParticle": 110002,
  "skybox": "Winter",
  "map_graphic_data": {
    "angleX": -1,
    "angleZ": -0.4000000059604645,
    "lightColor": 8419955,
    "shadowColor": 6184542,
    "fogColor": 15333375,
    "ssaoColor": 2374217,
    "dustAlpha": 0.8999999761581421,
    "dustParticle": "winter"
  },
  "resources": [
    934285,
    311175,
    404625,
    802209,
    397339,
    375368,
    597073,
    339958,
    316457,
    185320,
    105954,
    893062,
    618528,
    675186,
    997080,
    795676,
    886914
  ]
}