{
  "mapId": 632578,
  "dustParticle": 110001,
  "skybox": "Hills Night",
  "map_graphic_data": {
    "angleX": -0.6000000238418579,
    "angleZ": -0.800000011920929,
    "lightColor": 4216936,
    "shadowColor": 1382169,
    "fogColor": 68116,
    "ssaoColor": 2045258,
    "dustAlpha": 0.75,
    "dustParticle": "summer"
  },
  "resources": [
    698047,
    994853,
    668013,
    286895,
    894006,
    761948,
    768697,
    421539,
    590422,
    257170,
    344680,
    308916,
    947010,
    426360,
    837890,
    644412,
    169171
  ]
}