{
  "mapId": 942706,
  "dustParticle": 110002,
  "map_graphic_data": {
    "angleX": -1,
    "angleZ": -0.4000000059604645,
    "lightColor": 8419955,
    "shadowColor": 6184542,
    "fogColor": 15333375,
    "ssaoColor": 2374217,
    "dustAlpha": 0.8999999761581421,
    "dustParticle": "winter"
  },
  "resources": [
    404625,
    997080,
    397339,
    597073,
    893062,
    675186,
    339958,
    795676,
    375368,
    886914,
    185320,
    618528,
    316457,
    802209,
    105954,
    311175,
    934285
  ]
}