{
  "mapId": 229266,
  "dustParticle": 110002,
  "skybox": "Winter",
  "map_graphic_data": {
    "angleX": -1,
    "angleZ": 1.0471999645233154,
    "lightColor": 8419955,
    "shadowColor": 6184542,
    "fogColor": 15333375,
    "ssaoColor": 2374217,
    "dustAlpha": 0.8999999761581421,
    "dustParticle": "winter"
  },
  "resources": [
    934285,
    311175,
    463711,
    404625,
    375368,
    597073,
    316457,
    105954,
    893062,
    618528,
    675186,
    795676,
    886914
  ]
}