{
  "mapId": 457123,
  "dustParticle": 110001,
  "skybox": "Hills",
  "map_graphic_data": {
    "angleX": -0.8399999737739563,
    "angleZ": -2.3561999797821045,
    "lightColor": 9735809,
    "shadowColor": 4214102,
    "fogColor": 10543615,
    "ssaoColor": 2045258,
    "dustAlpha": 0.75,
    "dustParticle": "summer"
  },
  "resources": [
    698047,
    286895,
    894006,
    761948,
    768697,
    421539,
    31375,
    344680,
    308916,
    947010,
    426360,
    837890,
    644412
  ]
}