{
  "skybox": "Rio Night",
  "map_graphic_data": {
    "angleX": -0.6000000238418579,
    "angleZ": -2.200000047683716,
    "lightColor": 5136238,
    "shadowColor": 1974564,
    "fogColor": 68116
  },
  "resources": []
}