{
	"spawn": {
		"RED": [
			{
				"position": {
					"x": 4286.36279296875,
					"y": -725.4769897460938,
					"z": 200
				},
				"orientation": { "x": 0, "y": 0, "z": 1.4839999675750732 }
			},
			{
				"position": { "x": 6723.06005859375, "y": -1222.85595703125, "z": 800 },
				"orientation": { "x": 0, "y": 0, "z": 1.6579999923706055 }
			}
		]
	}
}
